x-axis,3,4,MATH
second,Volt,Volt,Volt
-75.2000E-06,-11.6210937500E+00,-13.5742187500E+00,-1.9531250000E+00
-75.0000E-06,-11.4257812500E+00,-13.5742187500E+00,-2.1484375000E+00
-74.8000E-06,-11.4257812500E+00,-13.3789062500E+00,-1.9531250000E+00
-74.6000E-06,-11.1328125000E+00,-13.3789062500E+00,-2.2460937500E+00
-74.4000E-06,-11.1328125000E+00,-13.0859375000E+00,-1.9531250000E+00
-74.2000E-06,-11.0351562500E+00,-13.0859375000E+00,-2.0507812500E+00
-74.0000E-06,-11.0351562500E+00,-12.9882812500E+00,-1.9531250000E+00
-73.8000E-06,-11.0351562500E+00,-12.9882812500E+00,-1.9531250000E+00
-73.6000E-06,-11.0351562500E+00,-12.7929687500E+00,-1.7578125000E+00
-73.4000E-06,-10.7421875000E+00,-12.8906250000E+00,-2.1484375000E+00
-73.2000E-06,-10.8398437500E+00,-12.7929687500E+00,-1.9531250000E+00
-73.0000E-06,-10.6445312500E+00,-12.6953125000E+00,-2.0507812500E+00
-72.8000E-06,-10.4492187500E+00,-12.4023437500E+00,-1.9531250000E+00
-72.6000E-06,-10.5468750000E+00,-12.5976562500E+00,-2.0507812500E+00
-72.4000E-06,-10.3515625000E+00,-12.2070312500E+00,-1.8554687500E+00
-72.2000E-06,-10.2539062500E+00,-12.2070312500E+00,-1.9531250000E+00
-72.0000E-06,-10.2539062500E+00,-12.1093750000E+00,-1.8554687500E+00
-71.8000E-06,-10.2539062500E+00,-12.1093750000E+00,-1.8554687500E+00
-71.6000E-06,-9.9609375000E+00,-12.0117187500E+00,-2.0507812500E+00
-71.4000E-06,-10.1562500000E+00,-11.9140625000E+00,-1.7578125000E+00
-71.2000E-06,-10.1562500000E+00,-11.9140625000E+00,-1.7578125000E+00
-71.0000E-06,-9.8632812500E+00,-11.8164062500E+00,-1.9531250000E+00
-70.8000E-06,-9.7656250000E+00,-11.5234375000E+00,-1.7578125000E+00
-70.6000E-06,-9.7656250000E+00,-11.3281250000E+00,-1.5625000000E+00
-70.4000E-06,-9.6679687500E+00,-11.4257812500E+00,-1.7578125000E+00
-70.2000E-06,-9.6679687500E+00,-11.2304687500E+00,-1.5625000000E+00
-70.0000E-06,-9.3750000000E+00,-11.3281250000E+00,-1.9531250000E+00
-69.8000E-06,-9.3750000000E+00,-11.2304687500E+00,-1.8554687500E+00
-69.6000E-06,-9.1796875000E+00,-11.1328125000E+00,-1.9531250000E+00
-69.4000E-06,-9.1796875000E+00,-11.0351562500E+00,-1.8554687500E+00
-69.2000E-06,-9.1796875000E+00,-10.9375000000E+00,-1.7578125000E+00
-69.0000E-06,-9.0820312500E+00,-10.9375000000E+00,-1.8554687500E+00
-68.8000E-06,-8.8867187500E+00,-10.6445312500E+00,-1.7578125000E+00
-68.6000E-06,-8.8867187500E+00,-10.6445312500E+00,-1.7578125000E+00
-68.4000E-06,-8.8867187500E+00,-10.6445312500E+00,-1.7578125000E+00
-68.2000E-06,-8.7890625000E+00,-10.3515625000E+00,-1.5625000000E+00
-68.0000E-06,-8.8867187500E+00,-10.3515625000E+00,-1.4648437500E+00
-67.8000E-06,-8.5937500000E+00,-10.4492187500E+00,-1.8554687500E+00
-67.6000E-06,-8.4960937500E+00,-10.2539062500E+00,-1.7578125000E+00
-67.4000E-06,-8.3984375000E+00,-10.1562500000E+00,-1.7578125000E+00
-67.2000E-06,-8.3007812500E+00,-10.0585937500E+00,-1.7578125000E+00
-67.0000E-06,-8.2031250000E+00,-9.9609375000E+00,-1.7578125000E+00
-66.8000E-06,-8.2031250000E+00,-9.9609375000E+00,-1.7578125000E+00
-66.6000E-06,-8.2031250000E+00,-9.7656250000E+00,-1.5625000000E+00
-66.4000E-06,-8.1054687500E+00,-9.7656250000E+00,-1.6601562500E+00
-66.2000E-06,-7.9101562500E+00,-9.6679687500E+00,-1.7578125000E+00
-66.0000E-06,-7.8125000000E+00,-9.6679687500E+00,-1.8554687500E+00
-65.8000E-06,-7.8125000000E+00,-9.3750000000E+00,-1.5625000000E+00
-65.6000E-06,-7.7148437500E+00,-9.4726562500E+00,-1.7578125000E+00
-65.4000E-06,-7.5195312500E+00,-9.2773437500E+00,-1.7578125000E+00
-65.2000E-06,-7.5195312500E+00,-9.1796875000E+00,-1.6601562500E+00
-65.0000E-06,-7.5195312500E+00,-9.0820312500E+00,-1.5625000000E+00
-64.8000E-06,-7.3242187500E+00,-8.9843750000E+00,-1.6601562500E+00
-64.6000E-06,-7.3242187500E+00,-8.9843750000E+00,-1.6601562500E+00
-64.4000E-06,-7.0312500000E+00,-8.8867187500E+00,-1.8554687500E+00
-64.2000E-06,-7.1289062500E+00,-8.8867187500E+00,-1.7578125000E+00
-64.0000E-06,-7.0312500000E+00,-8.5937500000E+00,-1.5625000000E+00
-63.8000E-06,-6.8359375000E+00,-8.5937500000E+00,-1.7578125000E+00
-63.6000E-06,-6.9335937500E+00,-8.4960937500E+00,-1.5625000000E+00
-63.4000E-06,-6.7382812500E+00,-8.5937500000E+00,-1.8554687500E+00
-63.2000E-06,-6.6406250000E+00,-8.3007812500E+00,-1.6601562500E+00
-63.0000E-06,-6.6406250000E+00,-8.3007812500E+00,-1.6601562500E+00
-62.8000E-06,-6.5429687500E+00,-8.2031250000E+00,-1.6601562500E+00
-62.6000E-06,-6.4453125000E+00,-8.1054687500E+00,-1.6601562500E+00
-62.4000E-06,-6.2500000000E+00,-8.0078125000E+00,-1.7578125000E+00
-62.2000E-06,-6.2500000000E+00,-7.8125000000E+00,-1.5625000000E+00
-62.0000E-06,-6.0546875000E+00,-7.6171875000E+00,-1.5625000000E+00
-61.8000E-06,-6.0546875000E+00,-7.6171875000E+00,-1.5625000000E+00
-61.6000E-06,-5.9570312500E+00,-7.6171875000E+00,-1.6601562500E+00
-61.4000E-06,-5.8593750000E+00,-7.6171875000E+00,-1.7578125000E+00
-61.2000E-06,-5.8593750000E+00,-7.5195312500E+00,-1.6601562500E+00
-61.0000E-06,-5.9570312500E+00,-7.2265625000E+00,-1.2695312500E+00
-60.8000E-06,-5.7617187500E+00,-7.2265625000E+00,-1.4648437500E+00
-60.6000E-06,-5.5664062500E+00,-7.1289062500E+00,-1.5625000000E+00
-60.4000E-06,-5.3710937500E+00,-6.9335937500E+00,-1.5625000000E+00
-60.2000E-06,-5.3710937500E+00,-7.0312500000E+00,-1.6601562500E+00
-60.0000E-06,-5.0781250000E+00,-6.7382812500E+00,-1.6601562500E+00
-59.8000E-06,-4.9804687500E+00,-6.6406250000E+00,-1.6601562500E+00
-59.6000E-06,-4.9804687500E+00,-6.7382812500E+00,-1.7578125000E+00
-59.4000E-06,-4.8828125000E+00,-6.6406250000E+00,-1.7578125000E+00
-59.2000E-06,-4.6875000000E+00,-6.4453125000E+00,-1.7578125000E+00
-59.0000E-06,-4.6875000000E+00,-6.3476562500E+00,-1.6601562500E+00
-58.8000E-06,-4.7851562500E+00,-6.3476562500E+00,-1.5625000000E+00
-58.6000E-06,-4.4921875000E+00,-6.2500000000E+00,-1.7578125000E+00
-58.4000E-06,-4.4921875000E+00,-5.9570312500E+00,-1.4648437500E+00
-58.2000E-06,-4.3945312500E+00,-6.1523437500E+00,-1.7578125000E+00
-58.0000E-06,-4.1992187500E+00,-5.9570312500E+00,-1.7578125000E+00
-57.8000E-06,-4.2968750000E+00,-5.9570312500E+00,-1.6601562500E+00
-57.6000E-06,-4.1015625000E+00,-5.8593750000E+00,-1.7578125000E+00
-57.4000E-06,-3.9062500000E+00,-5.7617187500E+00,-1.8554687500E+00
-57.2000E-06,-3.9062500000E+00,-5.4687500000E+00,-1.5625000000E+00
-57.0000E-06,-3.8085937500E+00,-5.5664062500E+00,-1.7578125000E+00
-56.8000E-06,-3.6132812500E+00,-5.4687500000E+00,-1.8554687500E+00
-56.6000E-06,-3.7109375000E+00,-5.3710937500E+00,-1.6601562500E+00
-56.4000E-06,-3.6132812500E+00,-5.2734375000E+00,-1.6601562500E+00
-56.2000E-06,-3.6132812500E+00,-5.2734375000E+00,-1.6601562500E+00
-56.0000E-06,-3.5156250000E+00,-5.0781250000E+00,-1.5625000000E+00
-55.8000E-06,-3.2226562500E+00,-5.0781250000E+00,-1.8554687500E+00
-55.6000E-06,-3.2226562500E+00,-4.9804687500E+00,-1.7578125000E+00
-55.4000E-06,-3.0273437500E+00,-4.8828125000E+00,-1.8554687500E+00
-55.2000E-06,-3.2226562500E+00,-4.7851562500E+00,-1.5625000000E+00
-55.0000E-06,-3.0273437500E+00,-4.7851562500E+00,-1.7578125000E+00
-54.8000E-06,-3.0273437500E+00,-4.6875000000E+00,-1.6601562500E+00
-54.6000E-06,-2.9296875000E+00,-4.6875000000E+00,-1.7578125000E+00
-54.4000E-06,-2.9296875000E+00,-4.2968750000E+00,-1.3671875000E+00
-54.2000E-06,-2.7343750000E+00,-4.1992187500E+00,-1.4648437500E+00
-54.0000E-06,-2.6367187500E+00,-4.2968750000E+00,-1.6601562500E+00
-53.8000E-06,-2.5390625000E+00,-4.1992187500E+00,-1.6601562500E+00
-53.6000E-06,-2.4414062500E+00,-4.1992187500E+00,-1.7578125000E+00
-53.4000E-06,-2.4414062500E+00,-4.0039062500E+00,-1.5625000000E+00
-53.2000E-06,-2.3437500000E+00,-4.0039062500E+00,-1.6601562500E+00
-53.0000E-06,-2.3437500000E+00,-3.8085937500E+00,-1.4648437500E+00
-52.8000E-06,-2.1484375000E+00,-3.7109375000E+00,-1.5625000000E+00
-52.6000E-06,-2.0507812500E+00,-3.7109375000E+00,-1.6601562500E+00
-52.4000E-06,-2.1484375000E+00,-3.6132812500E+00,-1.4648437500E+00
-52.2000E-06,-1.9531250000E+00,-3.5156250000E+00,-1.5625000000E+00
-52.0000E-06,-1.8554687500E+00,-3.4179687500E+00,-1.5625000000E+00
-51.8000E-06,-1.8554687500E+00,-3.3203125000E+00,-1.4648437500E+00
-51.6000E-06,-1.7578125000E+00,-3.2226562500E+00,-1.4648437500E+00
-51.4000E-06,-1.5625000000E+00,-3.2226562500E+00,-1.6601562500E+00
-51.2000E-06,-1.5625000000E+00,-3.1250000000E+00,-1.5625000000E+00
-51.0000E-06,-1.3671875000E+00,-2.9296875000E+00,-1.5625000000E+00
-50.8000E-06,-1.4648437500E+00,-2.9296875000E+00,-1.4648437500E+00
-50.6000E-06,-1.2695312500E+00,-2.7343750000E+00,-1.4648437500E+00
-50.4000E-06,-1.2695312500E+00,-2.7343750000E+00,-1.4648437500E+00
-50.2000E-06,-1.2695312500E+00,-2.6367187500E+00,-1.3671875000E+00
-50.0000E-06,-1.1718750000E+00,-2.5390625000E+00,-1.3671875000E+00
-49.8000E-06,-976.5625000E-03,-2.4414062500E+00,-1.4648437500E+00
-49.6000E-06,-878.9062500E-03,-2.4414062500E+00,-1.5625000000E+00
-49.4000E-06,-781.2500000E-03,-2.2460937500E+00,-1.4648437500E+00
-49.2000E-06,-781.2500000E-03,-2.2460937500E+00,-1.4648437500E+00
-49.0000E-06,-683.5937500E-03,-2.1484375000E+00,-1.4648437500E+00
-48.8000E-06,-585.9375000E-03,-2.0507812500E+00,-1.4648437500E+00
-48.6000E-06,-488.2812500E-03,-1.8554687500E+00,-1.3671875000E+00
-48.4000E-06,-292.9687500E-03,-1.8554687500E+00,-1.5625000000E+00
-48.2000E-06,-97.6562500E-03,-1.7578125000E+00,-1.6601562500E+00
-48.0000E-06,-97.6562500E-03,-1.6601562500E+00,-1.5625000000E+00
-47.8000E-06,+0.0E+00,-1.6601562500E+00,-1.6601562500E+00
-47.6000E-06,+0.0E+00,-1.4648437500E+00,-1.4648437500E+00
-47.4000E-06,+195.3125000E-03,-1.4648437500E+00,-1.6601562500E+00
-47.2000E-06,+195.3125000E-03,-1.2695312500E+00,-1.4648437500E+00
-47.0000E-06,+195.3125000E-03,-1.1718750000E+00,-1.3671875000E+00
-46.8000E-06,+292.9687500E-03,-1.0742187500E+00,-1.3671875000E+00
-46.6000E-06,+585.9375000E-03,-976.5625000E-03,-1.5625000000E+00
-46.4000E-06,+585.9375000E-03,-781.2500000E-03,-1.3671875000E+00
-46.2000E-06,+781.2500000E-03,-781.2500000E-03,-1.5625000000E+00
-46.0000E-06,+683.5937500E-03,-781.2500000E-03,-1.4648437500E+00
-45.8000E-06,+878.9062500E-03,-683.5937500E-03,-1.5625000000E+00
-45.6000E-06,+781.2500000E-03,-488.2812500E-03,-1.2695312500E+00
-45.4000E-06,+976.5625000E-03,-488.2812500E-03,-1.4648437500E+00
-45.2000E-06,+976.5625000E-03,-390.6250000E-03,-1.3671875000E+00
-45.0000E-06,+1.1718750000E+00,-97.6562500E-03,-1.2695312500E+00
-44.8000E-06,+1.1718750000E+00,-195.3125000E-03,-1.3671875000E+00
-44.6000E-06,+1.3671875000E+00,+0.0E+00,-1.3671875000E+00
-44.4000E-06,+1.2695312500E+00,+195.3125000E-03,-1.0742187500E+00
-44.2000E-06,+1.4648437500E+00,+97.6562500E-03,-1.3671875000E+00
-44.0000E-06,+1.6601562500E+00,+292.9687500E-03,-1.3671875000E+00
-43.8000E-06,+1.7578125000E+00,+292.9687500E-03,-1.4648437500E+00
-43.6000E-06,+1.8554687500E+00,+292.9687500E-03,-1.5625000000E+00
-43.4000E-06,+1.9531250000E+00,+390.6250000E-03,-1.5625000000E+00
-43.2000E-06,+1.7578125000E+00,+488.2812500E-03,-1.2695312500E+00
-43.0000E-06,+2.0507812500E+00,+585.9375000E-03,-1.4648437500E+00
-42.8000E-06,+2.1484375000E+00,+683.5937500E-03,-1.4648437500E+00
-42.6000E-06,+2.0507812500E+00,+878.9062500E-03,-1.1718750000E+00
-42.4000E-06,+2.2460937500E+00,+878.9062500E-03,-1.3671875000E+00
-42.2000E-06,+2.2460937500E+00,+1.1718750000E+00,-1.0742187500E+00
-42.0000E-06,+2.4414062500E+00,+1.1718750000E+00,-1.2695312500E+00
-41.8000E-06,+2.5390625000E+00,+1.1718750000E+00,-1.3671875000E+00
-41.6000E-06,+2.5390625000E+00,+1.1718750000E+00,-1.3671875000E+00
-41.4000E-06,+2.7343750000E+00,+1.3671875000E+00,-1.3671875000E+00
-41.2000E-06,+2.8320312500E+00,+1.4648437500E+00,-1.3671875000E+00
-41.0000E-06,+2.9296875000E+00,+1.6601562500E+00,-1.2695312500E+00
-40.8000E-06,+3.0273437500E+00,+1.6601562500E+00,-1.3671875000E+00
-40.6000E-06,+3.1250000000E+00,+1.7578125000E+00,-1.3671875000E+00
-40.4000E-06,+3.1250000000E+00,+1.8554687500E+00,-1.2695312500E+00
-40.2000E-06,+3.4179687500E+00,+1.9531250000E+00,-1.4648437500E+00
-40.0000E-06,+3.3203125000E+00,+2.0507812500E+00,-1.2695312500E+00
-39.8000E-06,+3.3203125000E+00,+1.9531250000E+00,-1.3671875000E+00
-39.6000E-06,+3.5156250000E+00,+2.2460937500E+00,-1.2695312500E+00
-39.4000E-06,+3.6132812500E+00,+2.2460937500E+00,-1.3671875000E+00
-39.2000E-06,+3.7109375000E+00,+2.4414062500E+00,-1.2695312500E+00
-39.0000E-06,+3.8085937500E+00,+2.4414062500E+00,-1.3671875000E+00
-38.8000E-06,+3.9062500000E+00,+2.6367187500E+00,-1.2695312500E+00
-38.6000E-06,+3.9062500000E+00,+2.6367187500E+00,-1.2695312500E+00
-38.4000E-06,+3.9062500000E+00,+2.8320312500E+00,-1.0742187500E+00
-38.2000E-06,+4.0039062500E+00,+2.7343750000E+00,-1.2695312500E+00
-38.0000E-06,+4.2968750000E+00,+3.1250000000E+00,-1.1718750000E+00
-37.8000E-06,+4.3945312500E+00,+3.0273437500E+00,-1.3671875000E+00
-37.6000E-06,+4.4921875000E+00,+3.0273437500E+00,-1.4648437500E+00
-37.4000E-06,+4.5898437500E+00,+3.1250000000E+00,-1.4648437500E+00
-37.2000E-06,+4.4921875000E+00,+3.2226562500E+00,-1.2695312500E+00
-37.0000E-06,+4.7851562500E+00,+3.3203125000E+00,-1.4648437500E+00
-36.8000E-06,+4.7851562500E+00,+3.4179687500E+00,-1.3671875000E+00
-36.6000E-06,+4.7851562500E+00,+3.5156250000E+00,-1.2695312500E+00
-36.4000E-06,+4.9804687500E+00,+3.6132812500E+00,-1.3671875000E+00
-36.2000E-06,+5.0781250000E+00,+3.7109375000E+00,-1.3671875000E+00
-36.0000E-06,+5.2734375000E+00,+3.8085937500E+00,-1.4648437500E+00
-35.8000E-06,+5.3710937500E+00,+4.1015625000E+00,-1.2695312500E+00
-35.6000E-06,+5.1757812500E+00,+3.9062500000E+00,-1.2695312500E+00
-35.4000E-06,+5.3710937500E+00,+4.0039062500E+00,-1.3671875000E+00
-35.2000E-06,+5.4687500000E+00,+4.1015625000E+00,-1.3671875000E+00
-35.0000E-06,+5.5664062500E+00,+4.2968750000E+00,-1.2695312500E+00
-34.8000E-06,+5.5664062500E+00,+4.1992187500E+00,-1.3671875000E+00
-34.6000E-06,+5.8593750000E+00,+4.3945312500E+00,-1.4648437500E+00
-34.4000E-06,+5.7617187500E+00,+4.4921875000E+00,-1.2695312500E+00
-34.2000E-06,+5.9570312500E+00,+4.5898437500E+00,-1.3671875000E+00
-34.0000E-06,+6.0546875000E+00,+4.5898437500E+00,-1.4648437500E+00
-33.8000E-06,+6.0546875000E+00,+4.5898437500E+00,-1.4648437500E+00
-33.6000E-06,+6.2500000000E+00,+4.8828125000E+00,-1.3671875000E+00
-33.4000E-06,+6.3476562500E+00,+4.9804687500E+00,-1.3671875000E+00
-33.2000E-06,+6.2500000000E+00,+4.9804687500E+00,-1.2695312500E+00
-33.0000E-06,+6.3476562500E+00,+5.1757812500E+00,-1.1718750000E+00
-32.8000E-06,+6.5429687500E+00,+5.2734375000E+00,-1.2695312500E+00
-32.6000E-06,+6.5429687500E+00,+5.2734375000E+00,-1.2695312500E+00
-32.4000E-06,+6.6406250000E+00,+5.3710937500E+00,-1.2695312500E+00
-32.2000E-06,+6.8359375000E+00,+5.4687500000E+00,-1.3671875000E+00
-32.0000E-06,+7.1289062500E+00,+5.5664062500E+00,-1.5625000000E+00
-31.8000E-06,+7.1289062500E+00,+5.8593750000E+00,-1.2695312500E+00
-31.6000E-06,+7.3242187500E+00,+5.9570312500E+00,-1.3671875000E+00
-31.4000E-06,+7.2265625000E+00,+5.9570312500E+00,-1.2695312500E+00
-31.2000E-06,+7.1289062500E+00,+5.9570312500E+00,-1.1718750000E+00
-31.0000E-06,+7.3242187500E+00,+6.1523437500E+00,-1.1718750000E+00
-30.8000E-06,+7.5195312500E+00,+6.1523437500E+00,-1.3671875000E+00
-30.6000E-06,+7.5195312500E+00,+6.2500000000E+00,-1.2695312500E+00
-30.4000E-06,+7.6171875000E+00,+6.3476562500E+00,-1.2695312500E+00
-30.2000E-06,+7.9101562500E+00,+6.4453125000E+00,-1.4648437500E+00
-30.0000E-06,+7.9101562500E+00,+6.4453125000E+00,-1.4648437500E+00
-29.8000E-06,+8.0078125000E+00,+6.7382812500E+00,-1.2695312500E+00
-29.6000E-06,+8.1054687500E+00,+6.7382812500E+00,-1.3671875000E+00
-29.4000E-06,+8.1054687500E+00,+6.8359375000E+00,-1.2695312500E+00
-29.2000E-06,+8.3984375000E+00,+7.0312500000E+00,-1.3671875000E+00
-29.0000E-06,+8.3984375000E+00,+7.1289062500E+00,-1.2695312500E+00
-28.8000E-06,+8.4960937500E+00,+7.2265625000E+00,-1.2695312500E+00
-28.6000E-06,+8.6914062500E+00,+7.3242187500E+00,-1.3671875000E+00
-28.4000E-06,+8.6914062500E+00,+7.3242187500E+00,-1.3671875000E+00
-28.2000E-06,+8.8867187500E+00,+7.5195312500E+00,-1.3671875000E+00
-28.0000E-06,+8.9843750000E+00,+7.5195312500E+00,-1.4648437500E+00
-27.8000E-06,+8.7890625000E+00,+7.6171875000E+00,-1.1718750000E+00
-27.6000E-06,+8.9843750000E+00,+7.7148437500E+00,-1.2695312500E+00
-27.4000E-06,+9.1796875000E+00,+7.8125000000E+00,-1.3671875000E+00
-27.2000E-06,+9.1796875000E+00,+7.9101562500E+00,-1.2695312500E+00
-27.0000E-06,+9.2773437500E+00,+8.1054687500E+00,-1.1718750000E+00
-26.8000E-06,+9.4726562500E+00,+8.1054687500E+00,-1.3671875000E+00
-26.6000E-06,+9.5703125000E+00,+8.2031250000E+00,-1.3671875000E+00
-26.4000E-06,+9.6679687500E+00,+8.3007812500E+00,-1.3671875000E+00
-26.2000E-06,+9.5703125000E+00,+8.3984375000E+00,-1.1718750000E+00
-26.0000E-06,+9.7656250000E+00,+8.5937500000E+00,-1.1718750000E+00
-25.8000E-06,+9.8632812500E+00,+8.5937500000E+00,-1.2695312500E+00
-25.6000E-06,+10.0585937500E+00,+8.4960937500E+00,-1.5625000000E+00
-25.4000E-06,+9.9609375000E+00,+8.8867187500E+00,-1.0742187500E+00
-25.2000E-06,+10.0585937500E+00,+8.9843750000E+00,-1.0742187500E+00
-25.0000E-06,+10.2539062500E+00,+9.1796875000E+00,-1.0742187500E+00
-24.8000E-06,+10.2539062500E+00,+9.1796875000E+00,-1.0742187500E+00
-24.6000E-06,+10.2539062500E+00,+9.1796875000E+00,-1.0742187500E+00
-24.4000E-06,+10.3515625000E+00,+9.4726562500E+00,-878.9062500E-03
-24.2000E-06,+10.4492187500E+00,+9.4726562500E+00,-976.5625000E-03
-24.0000E-06,+10.6445312500E+00,+9.4726562500E+00,-1.1718750000E+00
-23.8000E-06,+10.6445312500E+00,+9.6679687500E+00,-976.5625000E-03
-23.6000E-06,+11.0351562500E+00,+9.6679687500E+00,-1.3671875000E+00
-23.4000E-06,+10.9375000000E+00,+9.6679687500E+00,-1.2695312500E+00
-23.2000E-06,+11.1328125000E+00,+9.8632812500E+00,-1.2695312500E+00
-23.0000E-06,+11.1328125000E+00,+10.0585937500E+00,-1.0742187500E+00
-22.8000E-06,+11.1328125000E+00,+9.9609375000E+00,-1.1718750000E+00
-22.6000E-06,+11.4257812500E+00,+10.4492187500E+00,-976.5625000E-03
-22.4000E-06,+11.3281250000E+00,+10.1562500000E+00,-1.1718750000E+00
-22.2000E-06,+11.4257812500E+00,+10.3515625000E+00,-1.0742187500E+00
-22.0000E-06,+11.5234375000E+00,+10.5468750000E+00,-976.5625000E-03
-21.8000E-06,+11.6210937500E+00,+10.5468750000E+00,-1.0742187500E+00
-21.6000E-06,+11.7187500000E+00,+10.6445312500E+00,-1.0742187500E+00
-21.4000E-06,+11.7187500000E+00,+10.5468750000E+00,-1.1718750000E+00
-21.2000E-06,+11.9140625000E+00,+10.7421875000E+00,-1.1718750000E+00
-21.0000E-06,+11.9140625000E+00,+10.7421875000E+00,-1.1718750000E+00
-20.8000E-06,+12.0117187500E+00,+11.0351562500E+00,-976.5625000E-03
-20.6000E-06,+12.1093750000E+00,+11.1328125000E+00,-976.5625000E-03
-20.4000E-06,+12.1093750000E+00,+11.1328125000E+00,-976.5625000E-03
-20.2000E-06,+12.3046875000E+00,+11.3281250000E+00,-976.5625000E-03
-20.0000E-06,+12.5976562500E+00,+11.4257812500E+00,-1.1718750000E+00
-19.8000E-06,+12.5976562500E+00,+11.4257812500E+00,-1.1718750000E+00
-19.6000E-06,+12.6953125000E+00,+11.6210937500E+00,-1.0742187500E+00
-19.4000E-06,+12.7929687500E+00,+11.7187500000E+00,-1.0742187500E+00
-19.2000E-06,+12.9882812500E+00,+11.8164062500E+00,-1.1718750000E+00
-19.0000E-06,+12.7929687500E+00,+11.9140625000E+00,-878.9062500E-03
-18.8000E-06,+12.9882812500E+00,+12.0117187500E+00,-976.5625000E-03
-18.6000E-06,+13.0859375000E+00,+12.1093750000E+00,-976.5625000E-03
-18.4000E-06,+13.2812500000E+00,+12.2070312500E+00,-1.0742187500E+00
-18.2000E-06,+13.2812500000E+00,+12.4023437500E+00,-878.9062500E-03
-18.0000E-06,+13.3789062500E+00,+12.3046875000E+00,-1.0742187500E+00
-17.8000E-06,+13.4765625000E+00,+12.4023437500E+00,-1.0742187500E+00
-17.6000E-06,+13.5742187500E+00,+12.5000000000E+00,-1.0742187500E+00
-17.4000E-06,+13.4765625000E+00,+12.6953125000E+00,-781.2500000E-03
-17.2000E-06,+13.5742187500E+00,+12.6953125000E+00,-878.9062500E-03
-17.0000E-06,+13.7695312500E+00,+12.7929687500E+00,-976.5625000E-03
-16.8000E-06,+13.8671875000E+00,+12.9882812500E+00,-878.9062500E-03
-16.6000E-06,+13.8671875000E+00,+12.9882812500E+00,-878.9062500E-03
-16.4000E-06,+13.9648437500E+00,+13.0859375000E+00,-878.9062500E-03
-16.2000E-06,+13.9648437500E+00,+13.1835937500E+00,-781.2500000E-03
-16.0000E-06,+14.0625000000E+00,+13.2812500000E+00,-781.2500000E-03
-15.8000E-06,+14.2578125000E+00,+13.3789062500E+00,-878.9062500E-03
-15.6000E-06,+14.3554687500E+00,+13.4765625000E+00,-878.9062500E-03
-15.4000E-06,+14.5507812500E+00,+13.3789062500E+00,-1.1718750000E+00
-15.2000E-06,+14.6484375000E+00,+13.6718750000E+00,-976.5625000E-03
-15.0000E-06,+14.6484375000E+00,+13.7695312500E+00,-878.9062500E-03
-14.8000E-06,+14.8437500000E+00,+13.8671875000E+00,-976.5625000E-03
-14.6000E-06,+14.9414062500E+00,+13.9648437500E+00,-976.5625000E-03
-14.4000E-06,+14.9414062500E+00,+13.9648437500E+00,-976.5625000E-03
-14.2000E-06,+15.1367187500E+00,+14.0625000000E+00,-1.0742187500E+00
-14.0000E-06,+15.3320312500E+00,+14.1601562500E+00,-1.1718750000E+00
-13.8000E-06,+15.3320312500E+00,+14.3554687500E+00,-976.5625000E-03
-13.6000E-06,+15.4296875000E+00,+14.3554687500E+00,-1.0742187500E+00
-13.4000E-06,+15.5273437500E+00,+14.4531250000E+00,-1.0742187500E+00
-13.2000E-06,+15.7226562500E+00,+14.4531250000E+00,-1.2695312500E+00
-13.0000E-06,+15.8203125000E+00,+14.4531250000E+00,-1.3671875000E+00
-12.8000E-06,+15.8203125000E+00,+14.6484375000E+00,-1.1718750000E+00
-12.6000E-06,+15.9179687500E+00,+14.9414062500E+00,-976.5625000E-03
-12.4000E-06,+16.0156250000E+00,+14.8437500000E+00,-1.1718750000E+00
-12.2000E-06,+16.1132812500E+00,+15.1367187500E+00,-976.5625000E-03
-12.0000E-06,+16.0156250000E+00,+15.0390625000E+00,-976.5625000E-03
-11.8000E-06,+16.1132812500E+00,+15.3320312500E+00,-781.2500000E-03
-11.6000E-06,+16.2109375000E+00,+15.4296875000E+00,-781.2500000E-03
-11.4000E-06,+16.3085937500E+00,+15.4296875000E+00,-878.9062500E-03
-11.2000E-06,+16.4062500000E+00,+15.4296875000E+00,-976.5625000E-03
-11.0000E-06,+16.6015625000E+00,+15.7226562500E+00,-878.9062500E-03
-10.8000E-06,+16.6015625000E+00,+15.8203125000E+00,-781.2500000E-03
-10.6000E-06,+16.7968750000E+00,+15.9179687500E+00,-878.9062500E-03
-10.4000E-06,+16.8945312500E+00,+16.0156250000E+00,-878.9062500E-03
-10.2000E-06,+16.7968750000E+00,+16.0156250000E+00,-781.2500000E-03
-10.0000E-06,+17.0898437500E+00,+16.1132812500E+00,-976.5625000E-03
-9.8000E-06,+16.9921875000E+00,+16.1132812500E+00,-878.9062500E-03
-9.6000E-06,+17.1875000000E+00,+16.3085937500E+00,-878.9062500E-03
-9.4000E-06,+17.1875000000E+00,+16.4062500000E+00,-781.2500000E-03
-9.2000E-06,+17.2851562500E+00,+16.3085937500E+00,-976.5625000E-03
-9.0000E-06,+17.4804687500E+00,+16.6992187500E+00,-781.2500000E-03
-8.8000E-06,+17.5781250000E+00,+16.6992187500E+00,-878.9062500E-03
-8.6000E-06,+17.6757812500E+00,+16.6992187500E+00,-976.5625000E-03
-8.4000E-06,+17.7734375000E+00,+16.9921875000E+00,-781.2500000E-03
-8.2000E-06,+17.8710937500E+00,+16.7968750000E+00,-1.0742187500E+00
-8.0000E-06,+18.0664062500E+00,+17.0898437500E+00,-976.5625000E-03
-7.8000E-06,+18.1640625000E+00,+17.1875000000E+00,-976.5625000E-03
-7.6000E-06,+17.9687500000E+00,+17.2851562500E+00,-683.5937500E-03
-7.4000E-06,+18.3593750000E+00,+17.3828125000E+00,-976.5625000E-03
-7.2000E-06,+18.4570312500E+00,+17.3828125000E+00,-1.0742187500E+00
-7.0000E-06,+18.5546875000E+00,+17.4804687500E+00,-1.0742187500E+00
-6.8000E-06,+18.5546875000E+00,+17.6757812500E+00,-878.9062500E-03
-6.6000E-06,+18.6523437500E+00,+17.7734375000E+00,-878.9062500E-03
-6.4000E-06,+18.6523437500E+00,+17.7734375000E+00,-878.9062500E-03
-6.2000E-06,+18.8476562500E+00,+17.8710937500E+00,-976.5625000E-03
-6.0000E-06,+18.8476562500E+00,+18.0664062500E+00,-781.2500000E-03
-5.8000E-06,+19.2382812500E+00,+18.1640625000E+00,-1.0742187500E+00
-5.6000E-06,+19.1406250000E+00,+18.1640625000E+00,-976.5625000E-03
-5.4000E-06,+19.2382812500E+00,+18.3593750000E+00,-878.9062500E-03
-5.2000E-06,+19.5312500000E+00,+18.5546875000E+00,-976.5625000E-03
-5.0000E-06,+19.3359375000E+00,+18.6523437500E+00,-683.5937500E-03
-4.8000E-06,+19.5312500000E+00,+18.6523437500E+00,-878.9062500E-03
-4.6000E-06,+19.4335937500E+00,+18.6523437500E+00,-781.2500000E-03
-4.4000E-06,+19.6289062500E+00,+18.7500000000E+00,-878.9062500E-03
-4.2000E-06,+19.8242187500E+00,+18.8476562500E+00,-976.5625000E-03
-4.0000E-06,+19.8242187500E+00,+18.9453125000E+00,-878.9062500E-03
-3.8000E-06,+19.9218750000E+00,+18.9453125000E+00,-976.5625000E-03
-3.6000E-06,+20.1171875000E+00,+19.2382812500E+00,-878.9062500E-03
-3.4000E-06,+20.2148437500E+00,+19.1406250000E+00,-1.0742187500E+00
-3.2000E-06,+20.2148437500E+00,+19.3359375000E+00,-878.9062500E-03
-3.0000E-06,+20.3125000000E+00,+19.4335937500E+00,-878.9062500E-03
-2.8000E-06,+20.4101562500E+00,+19.4335937500E+00,-976.5625000E-03
-2.6000E-06,+20.3125000000E+00,+19.6289062500E+00,-683.5937500E-03
-2.4000E-06,+20.5078125000E+00,+19.9218750000E+00,-585.9375000E-03
-2.2000E-06,+20.8007812500E+00,+19.7265625000E+00,-1.0742187500E+00
-2.0000E-06,+20.8984375000E+00,+20.0195312500E+00,-878.9062500E-03
-1.8000E-06,+20.8984375000E+00,+19.9218750000E+00,-976.5625000E-03
-1.6000E-06,+20.9960937500E+00,+20.2148437500E+00,-781.2500000E-03
-1.4000E-06,+21.1914062500E+00,+20.2148437500E+00,-976.5625000E-03
-1.2000E-06,+21.1914062500E+00,+20.3125000000E+00,-878.9062500E-03
-1.0000E-06,+21.1914062500E+00,+20.4101562500E+00,-781.2500000E-03
-800.0E-09,+21.1914062500E+00,+20.4101562500E+00,-781.2500000E-03
-600.0E-09,+21.3867187500E+00,+20.6054687500E+00,-781.2500000E-03
-400.0E-09,+21.6796875000E+00,+20.7031250000E+00,-976.5625000E-03
-200.0E-09,+21.5820312500E+00,+20.8007812500E+00,-781.2500000E-03
+0.0E+00,+21.6796875000E+00,+20.8007812500E+00,-878.9062500E-03
+200.0E-09,+21.7773437500E+00,+20.8984375000E+00,-878.9062500E-03
+400.0E-09,+21.9726562500E+00,+20.8984375000E+00,-1.0742187500E+00
+600.0E-09,+21.9726562500E+00,+21.1914062500E+00,-781.2500000E-03
+800.0E-09,+22.0703125000E+00,+21.3867187500E+00,-683.5937500E-03
+1.0000E-06,+21.9726562500E+00,+21.2890625000E+00,-683.5937500E-03
+1.2000E-06,+22.2656250000E+00,+21.4843750000E+00,-781.2500000E-03
+1.4000E-06,+22.4609375000E+00,+21.4843750000E+00,-976.5625000E-03
+1.6000E-06,+22.3632812500E+00,+21.6796875000E+00,-683.5937500E-03
+1.8000E-06,+22.4609375000E+00,+21.7773437500E+00,-683.5937500E-03
+2.0000E-06,+22.5585937500E+00,+21.7773437500E+00,-781.2500000E-03
+2.2000E-06,+22.7539062500E+00,+21.8750000000E+00,-878.9062500E-03
+2.4000E-06,+22.8515625000E+00,+22.0703125000E+00,-781.2500000E-03
+2.6000E-06,+23.0468750000E+00,+22.1679687500E+00,-878.9062500E-03
+2.8000E-06,+23.0468750000E+00,+22.2656250000E+00,-781.2500000E-03
+3.0000E-06,+23.0468750000E+00,+22.3632812500E+00,-683.5937500E-03
+3.2000E-06,+23.0468750000E+00,+22.4609375000E+00,-585.9375000E-03
+3.4000E-06,+23.3398437500E+00,+22.6562500000E+00,-683.5937500E-03
+3.6000E-06,+23.3398437500E+00,+22.6562500000E+00,-683.5937500E-03
+3.8000E-06,+23.2421875000E+00,+22.8515625000E+00,-390.6250000E-03
+4.0000E-06,+23.6328125000E+00,+22.7539062500E+00,-878.9062500E-03
+4.2000E-06,+23.5351562500E+00,+22.9492187500E+00,-585.9375000E-03
+4.4000E-06,+23.7304687500E+00,+23.0468750000E+00,-683.5937500E-03
+4.6000E-06,+23.9257812500E+00,+23.1445312500E+00,-781.2500000E-03
+4.8000E-06,+23.9257812500E+00,+23.4375000000E+00,-488.2812500E-03
+5.0000E-06,+23.9257812500E+00,+23.4375000000E+00,-488.2812500E-03
+5.2000E-06,+24.1210937500E+00,+23.5351562500E+00,-585.9375000E-03
+5.4000E-06,+24.2187500000E+00,+23.5351562500E+00,-683.5937500E-03
+5.6000E-06,+24.3164062500E+00,+23.7304687500E+00,-585.9375000E-03
+5.8000E-06,+24.5117187500E+00,+23.8281250000E+00,-683.5937500E-03
+6.0000E-06,+24.6093750000E+00,+23.8281250000E+00,-781.2500000E-03
+6.2000E-06,+24.7070312500E+00,+23.9257812500E+00,-781.2500000E-03
+6.4000E-06,+24.7070312500E+00,+24.0234375000E+00,-683.5937500E-03
+6.6000E-06,+24.8046875000E+00,+24.2187500000E+00,-585.9375000E-03
+6.8000E-06,+25.0000000000E+00,+24.2187500000E+00,-781.2500000E-03
+7.0000E-06,+24.9023437500E+00,+24.4140625000E+00,-488.2812500E-03
+7.2000E-06,+24.9023437500E+00,+24.3164062500E+00,-585.9375000E-03
+7.4000E-06,+25.3906250000E+00,+24.7070312500E+00,-683.5937500E-03
+7.6000E-06,+25.3906250000E+00,+24.7070312500E+00,-683.5937500E-03
+7.8000E-06,+25.3906250000E+00,+24.7070312500E+00,-683.5937500E-03
+8.0000E-06,+25.5859375000E+00,+24.7070312500E+00,-878.9062500E-03
+8.2000E-06,+25.5859375000E+00,+24.9023437500E+00,-683.5937500E-03
+8.4000E-06,+25.6835937500E+00,+25.1953125000E+00,-488.2812500E-03
+8.6000E-06,+25.6835937500E+00,+24.9023437500E+00,-781.2500000E-03
+8.8000E-06,+25.7812500000E+00,+25.1953125000E+00,-585.9375000E-03
+9.0000E-06,+25.9765625000E+00,+25.1953125000E+00,-781.2500000E-03
+9.2000E-06,+25.9765625000E+00,+25.2929687500E+00,-683.5937500E-03
+9.4000E-06,+26.2695312500E+00,+25.4882812500E+00,-781.2500000E-03
+9.6000E-06,+26.2695312500E+00,+25.5859375000E+00,-683.5937500E-03
+9.8000E-06,+26.3671875000E+00,+25.6835937500E+00,-683.5937500E-03
+10.0000E-06,+26.4648437500E+00,+25.7812500000E+00,-683.5937500E-03
+10.2000E-06,+26.5625000000E+00,+25.7812500000E+00,-781.2500000E-03
+10.4000E-06,+26.5625000000E+00,+25.8789062500E+00,-683.5937500E-03
+10.6000E-06,+26.7578125000E+00,+26.0742187500E+00,-683.5937500E-03
+10.8000E-06,+26.8554687500E+00,+26.1718750000E+00,-683.5937500E-03
+11.0000E-06,+26.8554687500E+00,+26.1718750000E+00,-683.5937500E-03
+11.2000E-06,+26.9531250000E+00,+26.3671875000E+00,-585.9375000E-03
+11.4000E-06,+27.1484375000E+00,+26.3671875000E+00,-781.2500000E-03
+11.6000E-06,+27.3437500000E+00,+26.4648437500E+00,-878.9062500E-03
+11.8000E-06,+27.1484375000E+00,+26.5625000000E+00,-585.9375000E-03
+12.0000E-06,+27.3437500000E+00,+26.4648437500E+00,-878.9062500E-03
+12.2000E-06,+27.5390625000E+00,+26.7578125000E+00,-781.2500000E-03
+12.4000E-06,+27.6367187500E+00,+26.8554687500E+00,-781.2500000E-03
+12.6000E-06,+27.6367187500E+00,+26.9531250000E+00,-683.5937500E-03
+12.8000E-06,+27.7343750000E+00,+27.0507812500E+00,-683.5937500E-03
+13.0000E-06,+27.7343750000E+00,+27.0507812500E+00,-683.5937500E-03
+13.2000E-06,+28.0273437500E+00,+27.1484375000E+00,-878.9062500E-03
+13.4000E-06,+27.9296875000E+00,+27.2460937500E+00,-683.5937500E-03
+13.6000E-06,+28.0273437500E+00,+27.5390625000E+00,-488.2812500E-03
+13.8000E-06,+28.2226562500E+00,+27.5390625000E+00,-683.5937500E-03
+14.0000E-06,+28.4179687500E+00,+27.7343750000E+00,-683.5937500E-03
+14.2000E-06,+28.3203125000E+00,+27.6367187500E+00,-683.5937500E-03
+14.4000E-06,+28.3203125000E+00,+27.7343750000E+00,-585.9375000E-03
+14.6000E-06,+28.5156250000E+00,+27.8320312500E+00,-683.5937500E-03
+14.8000E-06,+28.5156250000E+00,+27.9296875000E+00,-585.9375000E-03
+15.0000E-06,+28.6132812500E+00,+28.1250000000E+00,-488.2812500E-03
+15.2000E-06,+28.8085937500E+00,+28.2226562500E+00,-585.9375000E-03
+15.4000E-06,+29.0039062500E+00,+28.4179687500E+00,-585.9375000E-03
+15.6000E-06,+29.1015625000E+00,+28.4179687500E+00,-683.5937500E-03
+15.8000E-06,+29.1015625000E+00,+28.5156250000E+00,-585.9375000E-03
+16.0000E-06,+29.0039062500E+00,+28.4179687500E+00,-585.9375000E-03
+16.2000E-06,+29.3945312500E+00,+28.8085937500E+00,-585.9375000E-03
+16.4000E-06,+29.3945312500E+00,+28.7109375000E+00,-683.5937500E-03
+16.6000E-06,+29.5898437500E+00,+28.8085937500E+00,-781.2500000E-03
+16.8000E-06,+29.6875000000E+00,+29.1015625000E+00,-585.9375000E-03
+17.0000E-06,+29.5898437500E+00,+29.2968750000E+00,-292.9687500E-03
+17.2000E-06,+29.7851562500E+00,+29.1992187500E+00,-585.9375000E-03
+17.4000E-06,+29.9804687500E+00,+29.2968750000E+00,-683.5937500E-03
+17.6000E-06,+29.9804687500E+00,+29.2968750000E+00,-683.5937500E-03
+17.8000E-06,+29.9804687500E+00,+29.5898437500E+00,-390.6250000E-03
+18.0000E-06,+30.1757812500E+00,+29.4921875000E+00,-683.5937500E-03
+18.2000E-06,+30.3710937500E+00,+29.6875000000E+00,-683.5937500E-03
+18.4000E-06,+30.2734375000E+00,+29.8828125000E+00,-390.6250000E-03
+18.6000E-06,+30.4687500000E+00,+29.8828125000E+00,-585.9375000E-03
+18.8000E-06,+30.5664062500E+00,+30.0781250000E+00,-488.2812500E-03
+19.0000E-06,+30.6640625000E+00,+29.9804687500E+00,-683.5937500E-03
+19.2000E-06,+30.5664062500E+00,+30.1757812500E+00,-390.6250000E-03
+19.4000E-06,+30.7617187500E+00,+30.3710937500E+00,-390.6250000E-03
+19.6000E-06,+31.1523437500E+00,+30.3710937500E+00,-781.2500000E-03
+19.8000E-06,+31.1523437500E+00,+30.4687500000E+00,-683.5937500E-03
+20.0000E-06,+31.3476562500E+00,+30.3710937500E+00,-976.5625000E-03
+20.2000E-06,+31.2500000000E+00,+30.6640625000E+00,-585.9375000E-03
+20.4000E-06,+31.3476562500E+00,+30.7617187500E+00,-585.9375000E-03
+20.6000E-06,+31.5429687500E+00,+30.7617187500E+00,-781.2500000E-03
+20.8000E-06,+31.5429687500E+00,+31.0546875000E+00,-488.2812500E-03
+21.0000E-06,+31.6406250000E+00,+31.0546875000E+00,-585.9375000E-03
+21.2000E-06,+31.8359375000E+00,+31.1523437500E+00,-683.5937500E-03
+21.4000E-06,+31.9335937500E+00,+31.3476562500E+00,-585.9375000E-03
+21.6000E-06,+32.0312500000E+00,+31.3476562500E+00,-683.5937500E-03
+21.8000E-06,+32.0312500000E+00,+31.2500000000E+00,-781.2500000E-03
+22.0000E-06,+32.3242187500E+00,+31.5429687500E+00,-781.2500000E-03
+22.2000E-06,+32.2265625000E+00,+31.7382812500E+00,-488.2812500E-03
+22.4000E-06,+32.4218750000E+00,+31.9335937500E+00,-488.2812500E-03
+22.6000E-06,+32.5195312500E+00,+31.7382812500E+00,-781.2500000E-03
+22.8000E-06,+32.7148437500E+00,+31.8359375000E+00,-878.9062500E-03
+23.0000E-06,+32.6171875000E+00,+32.0312500000E+00,-585.9375000E-03
+23.2000E-06,+32.6171875000E+00,+32.1289062500E+00,-488.2812500E-03
+23.4000E-06,+32.9101562500E+00,+32.3242187500E+00,-585.9375000E-03
+23.6000E-06,+32.9101562500E+00,+32.4218750000E+00,-488.2812500E-03
+23.8000E-06,+33.2031250000E+00,+32.4218750000E+00,-781.2500000E-03
+24.0000E-06,+33.1054687500E+00,+32.6171875000E+00,-488.2812500E-03
+24.2000E-06,+33.2031250000E+00,+32.5195312500E+00,-683.5937500E-03
+24.4000E-06,+33.3007812500E+00,+32.9101562500E+00,-390.6250000E-03
+24.6000E-06,+33.3984375000E+00,+32.8125000000E+00,-585.9375000E-03
+24.8000E-06,+33.4960937500E+00,+32.9101562500E+00,-585.9375000E-03
+25.0000E-06,+33.6914062500E+00,+33.1054687500E+00,-585.9375000E-03
+25.2000E-06,+33.6914062500E+00,+33.2031250000E+00,-488.2812500E-03
+25.4000E-06,+33.7890625000E+00,+33.3007812500E+00,-488.2812500E-03
+25.6000E-06,+33.9843750000E+00,+33.3984375000E+00,-585.9375000E-03
+25.8000E-06,+33.9843750000E+00,+33.4960937500E+00,-488.2812500E-03
+26.0000E-06,+34.1796875000E+00,+33.7890625000E+00,-390.6250000E-03
+26.2000E-06,+34.1796875000E+00,+33.5937500000E+00,-585.9375000E-03
+26.4000E-06,+34.3750000000E+00,+33.7890625000E+00,-585.9375000E-03
+26.6000E-06,+34.4726562500E+00,+34.0820312500E+00,-390.6250000E-03
+26.8000E-06,+34.4726562500E+00,+34.0820312500E+00,-390.6250000E-03
+27.0000E-06,+34.7656250000E+00,+34.0820312500E+00,-683.5937500E-03
+27.2000E-06,+34.6679687500E+00,+34.3750000000E+00,-292.9687500E-03
+27.4000E-06,+34.8632812500E+00,+34.4726562500E+00,-390.6250000E-03
+27.6000E-06,+34.9609375000E+00,+34.3750000000E+00,-585.9375000E-03
+27.8000E-06,+35.0585937500E+00,+34.5703125000E+00,-488.2812500E-03
+28.0000E-06,+35.1562500000E+00,+34.5703125000E+00,-585.9375000E-03
+28.2000E-06,+35.2539062500E+00,+34.7656250000E+00,-488.2812500E-03
+28.4000E-06,+35.1562500000E+00,+34.8632812500E+00,-292.9687500E-03
+28.6000E-06,+35.3515625000E+00,+34.9609375000E+00,-390.6250000E-03
+28.8000E-06,+35.5468750000E+00,+34.9609375000E+00,-585.9375000E-03
+29.0000E-06,+35.5468750000E+00,+35.2539062500E+00,-292.9687500E-03
+29.2000E-06,+35.6445312500E+00,+35.2539062500E+00,-390.6250000E-03
+29.4000E-06,+35.8398437500E+00,+35.3515625000E+00,-488.2812500E-03
+29.6000E-06,+35.8398437500E+00,+35.5468750000E+00,-292.9687500E-03
+29.8000E-06,+36.0351562500E+00,+35.4492187500E+00,-585.9375000E-03
+30.0000E-06,+36.1328125000E+00,+35.6445312500E+00,-488.2812500E-03
+30.2000E-06,+36.2304687500E+00,+35.5468750000E+00,-683.5937500E-03
+30.4000E-06,+36.4257812500E+00,+35.7421875000E+00,-683.5937500E-03
+30.6000E-06,+36.3281250000E+00,+35.7421875000E+00,-585.9375000E-03
+30.8000E-06,+36.4257812500E+00,+35.9375000000E+00,-488.2812500E-03
+31.0000E-06,+36.6210937500E+00,+35.9375000000E+00,-683.5937500E-03
+31.2000E-06,+36.5234375000E+00,+36.1328125000E+00,-390.6250000E-03
+31.4000E-06,+36.7187500000E+00,+36.1328125000E+00,-585.9375000E-03
+31.6000E-06,+36.8164062500E+00,+36.3281250000E+00,-488.2812500E-03
+31.8000E-06,+36.9140625000E+00,+36.5234375000E+00,-390.6250000E-03
+32.0000E-06,+37.0117187500E+00,+36.4257812500E+00,-585.9375000E-03
+32.2000E-06,+37.2070312500E+00,+36.6210937500E+00,-585.9375000E-03
+32.4000E-06,+37.1093750000E+00,+36.8164062500E+00,-292.9687500E-03
+32.6000E-06,+37.3046875000E+00,+36.9140625000E+00,-390.6250000E-03
+32.8000E-06,+37.2070312500E+00,+36.8164062500E+00,-390.6250000E-03
+33.0000E-06,+37.4023437500E+00,+37.1093750000E+00,-292.9687500E-03
+33.2000E-06,+37.5976562500E+00,+37.1093750000E+00,-488.2812500E-03
+33.4000E-06,+37.6953125000E+00,+37.3046875000E+00,-390.6250000E-03
+33.6000E-06,+37.6953125000E+00,+37.4023437500E+00,-292.9687500E-03
+33.8000E-06,+37.9882812500E+00,+37.5976562500E+00,-390.6250000E-03
+34.0000E-06,+37.8906250000E+00,+37.5976562500E+00,-292.9687500E-03
+34.2000E-06,+38.0859375000E+00,+37.7929687500E+00,-292.9687500E-03
+34.4000E-06,+37.8906250000E+00,+37.7929687500E+00,-97.6562500E-03
+34.6000E-06,+38.3789062500E+00,+37.7929687500E+00,-585.9375000E-03
+34.8000E-06,+38.1835937500E+00,+37.7929687500E+00,-390.6250000E-03
+35.0000E-06,+38.3789062500E+00,+38.0859375000E+00,-292.9687500E-03
+35.2000E-06,+38.4765625000E+00,+38.1835937500E+00,-292.9687500E-03
+35.4000E-06,+38.6718750000E+00,+38.3789062500E+00,-292.9687500E-03
+35.6000E-06,+38.7695312500E+00,+38.3789062500E+00,-390.6250000E-03
+35.8000E-06,+38.9648437500E+00,+38.1835937500E+00,-781.2500000E-03
+36.0000E-06,+38.9648437500E+00,+38.3789062500E+00,-585.9375000E-03
+36.2000E-06,+39.0625000000E+00,+38.6718750000E+00,-390.6250000E-03
+36.4000E-06,+39.1601562500E+00,+38.7695312500E+00,-390.6250000E-03
+36.6000E-06,+39.4531250000E+00,+38.7695312500E+00,-683.5937500E-03
+36.8000E-06,+39.2578125000E+00,+38.9648437500E+00,-292.9687500E-03
+37.0000E-06,+39.4531250000E+00,+39.0625000000E+00,-390.6250000E-03
+37.2000E-06,+39.6484375000E+00,+38.9648437500E+00,-683.5937500E-03
+37.4000E-06,+39.5507812500E+00,+39.2578125000E+00,-292.9687500E-03
+37.6000E-06,+39.7460937500E+00,+39.0625000000E+00,-683.5937500E-03
+37.8000E-06,+39.8437500000E+00,+39.2578125000E+00,-585.9375000E-03
+38.0000E-06,+39.6484375000E+00,+39.2578125000E+00,-390.6250000E-03
+38.2000E-06,+39.9414062500E+00,+39.4531250000E+00,-488.2812500E-03
+38.4000E-06,+40.0390625000E+00,+39.4531250000E+00,-585.9375000E-03
+38.6000E-06,+40.1367187500E+00,+39.6484375000E+00,-488.2812500E-03
+38.8000E-06,+40.2343750000E+00,+39.7460937500E+00,-488.2812500E-03
+39.0000E-06,+40.4296875000E+00,+39.9414062500E+00,-488.2812500E-03
+39.2000E-06,+40.5273437500E+00,+39.9414062500E+00,-585.9375000E-03
+39.4000E-06,+40.6250000000E+00,+40.1367187500E+00,-488.2812500E-03
+39.6000E-06,+40.7226562500E+00,+40.2343750000E+00,-488.2812500E-03
+39.8000E-06,+40.8203125000E+00,+40.3320312500E+00,-488.2812500E-03
+40.0000E-06,+41.0156250000E+00,+40.3320312500E+00,-683.5937500E-03
+40.2000E-06,+41.2109375000E+00,+40.4296875000E+00,-781.2500000E-03
+40.4000E-06,+41.2109375000E+00,+40.5273437500E+00,-683.5937500E-03
+40.6000E-06,+41.2109375000E+00,+40.7226562500E+00,-488.2812500E-03
+40.8000E-06,+41.6015625000E+00,+40.6250000000E+00,-976.5625000E-03
+41.0000E-06,+41.5039062500E+00,+40.7226562500E+00,-781.2500000E-03
+41.2000E-06,+41.6015625000E+00,+40.9179687500E+00,-683.5937500E-03
+41.4000E-06,+41.6015625000E+00,+41.0156250000E+00,-585.9375000E-03
+41.6000E-06,+41.6992187500E+00,+41.1132812500E+00,-585.9375000E-03
+41.8000E-06,+41.8945312500E+00,+41.3085937500E+00,-585.9375000E-03
+42.0000E-06,+41.8945312500E+00,+41.3085937500E+00,-585.9375000E-03
+42.2000E-06,+41.9921875000E+00,+41.4062500000E+00,-585.9375000E-03
+42.4000E-06,+42.0898437500E+00,+41.6015625000E+00,-488.2812500E-03
+42.6000E-06,+42.1875000000E+00,+41.6015625000E+00,-585.9375000E-03
+42.8000E-06,+42.3828125000E+00,+41.7968750000E+00,-585.9375000E-03
+43.0000E-06,+42.4804687500E+00,+41.8945312500E+00,-585.9375000E-03
+43.2000E-06,+42.4804687500E+00,+41.8945312500E+00,-585.9375000E-03
+43.4000E-06,+42.5781250000E+00,+42.0898437500E+00,-488.2812500E-03
+43.6000E-06,+42.7734375000E+00,+42.2851562500E+00,-488.2812500E-03
+43.8000E-06,+42.9687500000E+00,+42.2851562500E+00,-683.5937500E-03
+44.0000E-06,+42.8710937500E+00,+42.3828125000E+00,-488.2812500E-03
+44.2000E-06,+43.0664062500E+00,+42.3828125000E+00,-683.5937500E-03
+44.4000E-06,+43.1640625000E+00,+42.4804687500E+00,-683.5937500E-03
+44.6000E-06,+43.2617187500E+00,+42.6757812500E+00,-585.9375000E-03
+44.8000E-06,+43.2617187500E+00,+42.7734375000E+00,-488.2812500E-03
+45.0000E-06,+43.5546875000E+00,+42.8710937500E+00,-683.5937500E-03
+45.2000E-06,+43.7500000000E+00,+42.8710937500E+00,-878.9062500E-03
+45.4000E-06,+43.6523437500E+00,+43.0664062500E+00,-585.9375000E-03
+45.6000E-06,+43.8476562500E+00,+43.1640625000E+00,-683.5937500E-03
+45.8000E-06,+44.0429687500E+00,+43.2617187500E+00,-781.2500000E-03
+46.0000E-06,+43.9453125000E+00,+43.3593750000E+00,-585.9375000E-03
+46.2000E-06,+44.0429687500E+00,+43.5546875000E+00,-488.2812500E-03
+46.4000E-06,+44.2382812500E+00,+43.5546875000E+00,-683.5937500E-03
+46.6000E-06,+44.1406250000E+00,+43.5546875000E+00,-585.9375000E-03
+46.8000E-06,+44.4335937500E+00,+43.7500000000E+00,-683.5937500E-03
+47.0000E-06,+44.3359375000E+00,+43.8476562500E+00,-488.2812500E-03
+47.2000E-06,+44.5312500000E+00,+43.8476562500E+00,-683.5937500E-03
+47.4000E-06,+44.6289062500E+00,+43.9453125000E+00,-683.5937500E-03
+47.6000E-06,+44.8242187500E+00,+44.1406250000E+00,-683.5937500E-03
+47.8000E-06,+44.8242187500E+00,+44.2382812500E+00,-585.9375000E-03
+48.0000E-06,+45.0195312500E+00,+44.5312500000E+00,-488.2812500E-03
+48.2000E-06,+44.8242187500E+00,+44.6289062500E+00,-195.3125000E-03
+48.4000E-06,+44.9218750000E+00,+44.7265625000E+00,-195.3125000E-03
+48.6000E-06,+45.1171875000E+00,+44.5312500000E+00,-585.9375000E-03
+48.8000E-06,+45.2148437500E+00,+44.9218750000E+00,-292.9687500E-03
+49.0000E-06,+45.3125000000E+00,+45.0195312500E+00,-292.9687500E-03
+49.2000E-06,+45.4101562500E+00,+45.0195312500E+00,-390.6250000E-03
+49.4000E-06,+45.4101562500E+00,+45.1171875000E+00,-292.9687500E-03
+49.6000E-06,+45.7031250000E+00,+45.3125000000E+00,-390.6250000E-03
+49.8000E-06,+45.8007812500E+00,+45.3125000000E+00,-488.2812500E-03
+50.0000E-06,+45.8984375000E+00,+45.4101562500E+00,-488.2812500E-03
+50.2000E-06,+45.9960937500E+00,+45.6054687500E+00,-390.6250000E-03
+50.4000E-06,+46.0937500000E+00,+45.8984375000E+00,-195.3125000E-03
+50.6000E-06,+46.1914062500E+00,+45.8007812500E+00,-390.6250000E-03
+50.8000E-06,+46.1914062500E+00,+45.8007812500E+00,-390.6250000E-03
+51.0000E-06,+46.4843750000E+00,+45.8007812500E+00,-683.5937500E-03
+51.2000E-06,+46.4843750000E+00,+46.0937500000E+00,-390.6250000E-03
+51.4000E-06,+46.4843750000E+00,+46.2890625000E+00,-195.3125000E-03
+51.6000E-06,+46.6796875000E+00,+46.2890625000E+00,-390.6250000E-03
+51.8000E-06,+46.5820312500E+00,+46.5820312500E+00,-0.0E+00
+52.0000E-06,+46.8750000000E+00,+46.5820312500E+00,-292.9687500E-03
+52.2000E-06,+46.9726562500E+00,+46.4843750000E+00,-488.2812500E-03
+52.4000E-06,+46.8750000000E+00,+46.7773437500E+00,-97.6562500E-03
+52.6000E-06,+47.1679687500E+00,+46.8750000000E+00,-292.9687500E-03
+52.8000E-06,+47.2656250000E+00,+46.8750000000E+00,-390.6250000E-03
+53.0000E-06,+47.5585937500E+00,+47.1679687500E+00,-390.6250000E-03
+53.2000E-06,+47.4609375000E+00,+47.1679687500E+00,-292.9687500E-03
+53.4000E-06,+47.7539062500E+00,+47.2656250000E+00,-488.2812500E-03
+53.6000E-06,+47.6562500000E+00,+47.3632812500E+00,-292.9687500E-03
+53.8000E-06,+47.6562500000E+00,+47.3632812500E+00,-292.9687500E-03
+54.0000E-06,+47.7539062500E+00,+47.4609375000E+00,-292.9687500E-03
+54.2000E-06,+47.8515625000E+00,+47.4609375000E+00,-390.6250000E-03
+54.4000E-06,+48.0468750000E+00,+47.6562500000E+00,-390.6250000E-03
+54.6000E-06,+48.2421875000E+00,+47.7539062500E+00,-488.2812500E-03
+54.8000E-06,+48.2421875000E+00,+47.7539062500E+00,-488.2812500E-03
+55.0000E-06,+48.2421875000E+00,+48.0468750000E+00,-195.3125000E-03
+55.2000E-06,+48.3398437500E+00,+48.2421875000E+00,-97.6562500E-03
+55.4000E-06,+48.4375000000E+00,+48.0468750000E+00,-390.6250000E-03
+55.6000E-06,+48.6328125000E+00,+48.3398437500E+00,-292.9687500E-03
+55.8000E-06,+48.6328125000E+00,+48.5351562500E+00,-97.6562500E-03
+56.0000E-06,+48.7304687500E+00,+48.4375000000E+00,-292.9687500E-03
+56.2000E-06,+48.8281250000E+00,+48.6328125000E+00,-195.3125000E-03
+56.4000E-06,+48.9257812500E+00,+48.8281250000E+00,-97.6562500E-03
+56.6000E-06,+49.1210937500E+00,+48.8281250000E+00,-292.9687500E-03
+56.8000E-06,+49.2187500000E+00,+48.9257812500E+00,-292.9687500E-03
+57.0000E-06,+49.2187500000E+00,+49.1210937500E+00,-97.6562500E-03
+57.2000E-06,+49.2187500000E+00,+49.1210937500E+00,-97.6562500E-03
+57.4000E-06,+49.4140625000E+00,+49.3164062500E+00,-97.6562500E-03
+57.6000E-06,+49.5117187500E+00,+49.3164062500E+00,-195.3125000E-03
+57.8000E-06,+49.5117187500E+00,+49.4140625000E+00,-97.6562500E-03
+58.0000E-06,+49.7070312500E+00,+49.7070312500E+00,-0.0E+00
+58.2000E-06,+49.9023437500E+00,+49.7070312500E+00,-195.3125000E-03
+58.4000E-06,+49.9023437500E+00,+49.8046875000E+00,-97.6562500E-03
+58.6000E-06,+50.1953125000E+00,+49.8046875000E+00,-390.6250000E-03
+58.8000E-06,+50.4882812500E+00,+50.0000000000E+00,-488.2812500E-03
+59.0000E-06,+50.4882812500E+00,+50.0000000000E+00,-488.2812500E-03
+59.2000E-06,+50.4882812500E+00,+50.0976562500E+00,-390.6250000E-03
+59.4000E-06,+50.4882812500E+00,+50.0976562500E+00,-390.6250000E-03
+59.6000E-06,+50.6835937500E+00,+50.3906250000E+00,-292.9687500E-03
+59.8000E-06,+50.6835937500E+00,+50.3906250000E+00,-292.9687500E-03
+60.0000E-06,+50.8789062500E+00,+50.4882812500E+00,-390.6250000E-03
+60.2000E-06,+50.8789062500E+00,+50.7812500000E+00,-97.6562500E-03
+60.4000E-06,+50.9765625000E+00,+50.7812500000E+00,-195.3125000E-03
+60.6000E-06,+50.9765625000E+00,+50.7812500000E+00,-195.3125000E-03
+60.8000E-06,+51.2695312500E+00,+50.8789062500E+00,-390.6250000E-03
+61.0000E-06,+51.2695312500E+00,+51.0742187500E+00,-195.3125000E-03
+61.2000E-06,+51.3671875000E+00,+51.2695312500E+00,-97.6562500E-03
+61.4000E-06,+51.4648437500E+00,+51.1718750000E+00,-292.9687500E-03
+61.6000E-06,+51.5625000000E+00,+51.3671875000E+00,-195.3125000E-03
+61.8000E-06,+51.5625000000E+00,+51.5625000000E+00,-0.0E+00
+62.0000E-06,+51.5625000000E+00,+51.6601562500E+00,+97.6562500E-03
+62.2000E-06,+51.8554687500E+00,+51.5625000000E+00,-292.9687500E-03
+62.4000E-06,+51.8554687500E+00,+51.7578125000E+00,-97.6562500E-03
+62.6000E-06,+52.0507812500E+00,+51.8554687500E+00,-195.3125000E-03
+62.8000E-06,+52.2460937500E+00,+51.8554687500E+00,-390.6250000E-03
+63.0000E-06,+52.3437500000E+00,+52.0507812500E+00,-292.9687500E-03
+63.2000E-06,+52.2460937500E+00,+52.1484375000E+00,-97.6562500E-03
+63.4000E-06,+52.5390625000E+00,+52.2460937500E+00,-292.9687500E-03
+63.6000E-06,+52.5390625000E+00,+52.4414062500E+00,-97.6562500E-03
+63.8000E-06,+52.7343750000E+00,+52.5390625000E+00,-195.3125000E-03
+64.0000E-06,+52.8320312500E+00,+52.6367187500E+00,-195.3125000E-03
+64.2000E-06,+53.0273437500E+00,+52.5390625000E+00,-488.2812500E-03
+64.4000E-06,+52.9296875000E+00,+52.8320312500E+00,-97.6562500E-03
+64.6000E-06,+53.1250000000E+00,+52.8320312500E+00,-292.9687500E-03
+64.8000E-06,+53.2226562500E+00,+52.9296875000E+00,-292.9687500E-03
+65.0000E-06,+53.3203125000E+00,+52.9296875000E+00,-390.6250000E-03
+65.2000E-06,+53.5156250000E+00,+53.0273437500E+00,-488.2812500E-03
+65.4000E-06,+53.5156250000E+00,+53.2226562500E+00,-292.9687500E-03
+65.6000E-06,+53.7109375000E+00,+53.3203125000E+00,-390.6250000E-03
+65.8000E-06,+53.9062500000E+00,+53.4179687500E+00,-488.2812500E-03
+66.0000E-06,+53.9062500000E+00,+53.5156250000E+00,-390.6250000E-03
+66.2000E-06,+53.8085937500E+00,+53.6132812500E+00,-195.3125000E-03
+66.4000E-06,+54.0039062500E+00,+53.6132812500E+00,-390.6250000E-03
+66.6000E-06,+54.1015625000E+00,+53.8085937500E+00,-292.9687500E-03
+66.8000E-06,+54.1015625000E+00,+53.8085937500E+00,-292.9687500E-03
+67.0000E-06,+54.2968750000E+00,+54.1015625000E+00,-195.3125000E-03
+67.2000E-06,+54.2968750000E+00,+54.2968750000E+00,-0.0E+00
+67.4000E-06,+54.5898437500E+00,+54.3945312500E+00,-195.3125000E-03
+67.6000E-06,+54.4921875000E+00,+54.4921875000E+00,-0.0E+00
+67.8000E-06,+54.7851562500E+00,+54.5898437500E+00,-195.3125000E-03
+68.0000E-06,+54.7851562500E+00,+54.5898437500E+00,-195.3125000E-03
+68.2000E-06,+54.7851562500E+00,+54.7851562500E+00,-0.0E+00
+68.4000E-06,+55.0781250000E+00,+54.6875000000E+00,-390.6250000E-03
+68.6000E-06,+55.2734375000E+00,+54.8828125000E+00,-390.6250000E-03
+68.8000E-06,+55.1757812500E+00,+54.9804687500E+00,-195.3125000E-03
+69.0000E-06,+55.3710937500E+00,+55.1757812500E+00,-195.3125000E-03
+69.2000E-06,+55.5664062500E+00,+55.0781250000E+00,-488.2812500E-03
+69.4000E-06,+55.4687500000E+00,+55.1757812500E+00,-292.9687500E-03
+69.6000E-06,+55.8593750000E+00,+55.3710937500E+00,-488.2812500E-03
+69.8000E-06,+55.8593750000E+00,+55.5664062500E+00,-292.9687500E-03
+70.0000E-06,+55.7617187500E+00,+55.5664062500E+00,-195.3125000E-03
+70.2000E-06,+55.9570312500E+00,+55.6640625000E+00,-292.9687500E-03
+70.4000E-06,+56.0546875000E+00,+55.8593750000E+00,-195.3125000E-03
+70.6000E-06,+56.0546875000E+00,+56.0546875000E+00,-0.0E+00
+70.8000E-06,+56.2500000000E+00,+56.1523437500E+00,-97.6562500E-03
+71.0000E-06,+56.1523437500E+00,+56.0546875000E+00,-97.6562500E-03
+71.2000E-06,+56.4453125000E+00,+56.1523437500E+00,-292.9687500E-03
+71.4000E-06,+56.4453125000E+00,+56.3476562500E+00,-97.6562500E-03
+71.6000E-06,+56.5429687500E+00,+56.4453125000E+00,-97.6562500E-03
+71.8000E-06,+56.5429687500E+00,+56.4453125000E+00,-97.6562500E-03
+72.0000E-06,+56.7382812500E+00,+56.5429687500E+00,-195.3125000E-03
+72.2000E-06,+56.8359375000E+00,+56.6406250000E+00,-195.3125000E-03
+72.4000E-06,+56.9335937500E+00,+56.8359375000E+00,-97.6562500E-03
+72.6000E-06,+57.2265625000E+00,+56.8359375000E+00,-390.6250000E-03
+72.8000E-06,+57.0312500000E+00,+57.1289062500E+00,+97.6562500E-03
+73.0000E-06,+57.3242187500E+00,+57.2265625000E+00,-97.6562500E-03
+73.2000E-06,+57.3242187500E+00,+57.4218750000E+00,+97.6562500E-03
+73.4000E-06,+57.3242187500E+00,+57.3242187500E+00,-0.0E+00
+73.6000E-06,+57.6171875000E+00,+57.4218750000E+00,-195.3125000E-03
+73.8000E-06,+57.6171875000E+00,+57.5195312500E+00,-97.6562500E-03
+74.0000E-06,+57.8125000000E+00,+57.6171875000E+00,-195.3125000E-03
+74.2000E-06,+57.7148437500E+00,+57.7148437500E+00,+0.0E+00
+74.4000E-06,+57.8125000000E+00,+57.8125000000E+00,-0.0E+00
+74.6000E-06,+58.1054687500E+00,+57.9101562500E+00,-195.3125000E-03
+74.8000E-06,+58.1054687500E+00,+57.9101562500E+00,-195.3125000E-03
+75.0000E-06,+58.2031250000E+00,+58.1054687500E+00,-97.6562500E-03
+75.2000E-06,+58.3984375000E+00,+58.1054687500E+00,-292.9687500E-03
+75.4000E-06,+58.3007812500E+00,+58.3007812500E+00,-0.0E+00
+75.6000E-06,+58.5937500000E+00,+58.3007812500E+00,-292.9687500E-03
+75.8000E-06,+58.4960937500E+00,+58.3007812500E+00,-195.3125000E-03
+76.0000E-06,+58.5937500000E+00,+58.5937500000E+00,-0.0E+00
+76.2000E-06,+58.8867187500E+00,+58.6914062500E+00,-195.3125000E-03
+76.4000E-06,+58.9843750000E+00,+58.6914062500E+00,-292.9687500E-03
+76.6000E-06,+58.9843750000E+00,+58.7890625000E+00,-195.3125000E-03
+76.8000E-06,+59.0820312500E+00,+58.9843750000E+00,-97.6562500E-03
+77.0000E-06,+59.2773437500E+00,+58.9843750000E+00,-292.9687500E-03
+77.2000E-06,+59.2773437500E+00,+59.1796875000E+00,-97.6562500E-03
+77.4000E-06,+59.4726562500E+00,+59.3750000000E+00,-97.6562500E-03
+77.6000E-06,+59.4726562500E+00,+59.2773437500E+00,-195.3125000E-03
+77.8000E-06,+59.3750000000E+00,+59.5703125000E+00,+195.3125000E-03
+78.0000E-06,+59.6679687500E+00,+59.6679687500E+00,+0.0E+00
+78.2000E-06,+59.7656250000E+00,+59.7656250000E+00,+0.0E+00
+78.4000E-06,+59.7656250000E+00,+59.8632812500E+00,+97.6562500E-03
+78.6000E-06,+59.9609375000E+00,+59.8632812500E+00,-97.6562500E-03
+78.8000E-06,+59.9609375000E+00,+60.0585937500E+00,+97.6562500E-03
+79.0000E-06,+60.0585937500E+00,+60.0585937500E+00,+0.0E+00
+79.2000E-06,+60.0585937500E+00,+60.0585937500E+00,-0.0E+00
+79.4000E-06,+60.3515625000E+00,+60.2539062500E+00,-97.6562500E-03
+79.6000E-06,+60.3515625000E+00,+60.4492187500E+00,+97.6562500E-03
+79.8000E-06,+60.5468750000E+00,+60.4492187500E+00,-97.6562500E-03
+80.0000E-06,+60.6445312500E+00,+60.7421875000E+00,+97.6562500E-03
+80.2000E-06,+60.8398437500E+00,+60.8398437500E+00,+0.0E+00
+80.4000E-06,+60.8398437500E+00,+61.0351562500E+00,+195.3125000E-03
+80.6000E-06,+60.8398437500E+00,+61.0351562500E+00,+195.3125000E-03
+80.8000E-06,+60.8398437500E+00,+61.0351562500E+00,+195.3125000E-03
+81.0000E-06,+61.0351562500E+00,+61.2304687500E+00,+195.3125000E-03
+81.2000E-06,+61.4257812500E+00,+61.1328125000E+00,-292.9687500E-03
+81.4000E-06,+61.3281250000E+00,+61.5234375000E+00,+195.3125000E-03
+81.6000E-06,+61.4257812500E+00,+61.6210937500E+00,+195.3125000E-03
+81.8000E-06,+61.4257812500E+00,+61.5234375000E+00,+97.6562500E-03
+82.0000E-06,+61.6210937500E+00,+61.7187500000E+00,+97.6562500E-03
+82.2000E-06,+61.8164062500E+00,+61.8164062500E+00,-0.0E+00
+82.4000E-06,+62.0117187500E+00,+61.9140625000E+00,-97.6562500E-03
+82.6000E-06,+62.0117187500E+00,+62.2070312500E+00,+195.3125000E-03
+82.8000E-06,+62.1093750000E+00,+62.3046875000E+00,+195.3125000E-03
+83.0000E-06,+62.2070312500E+00,+62.3046875000E+00,+97.6562500E-03
+83.2000E-06,+62.3046875000E+00,+62.5000000000E+00,+195.3125000E-03
+83.4000E-06,+62.3046875000E+00,+62.5000000000E+00,+195.3125000E-03
+83.6000E-06,+62.5000000000E+00,+62.6953125000E+00,+195.3125000E-03
+83.8000E-06,+62.6953125000E+00,+62.6953125000E+00,+0.0E+00
+84.0000E-06,+62.6953125000E+00,+62.7929687500E+00,+97.6562500E-03
+84.2000E-06,+62.7929687500E+00,+62.7929687500E+00,+0.0E+00
+84.4000E-06,+62.9882812500E+00,+62.9882812500E+00,+0.0E+00
+84.6000E-06,+63.0859375000E+00,+63.1835937500E+00,+97.6562500E-03
+84.8000E-06,+63.1835937500E+00,+63.1835937500E+00,+0.0E+00
+85.0000E-06,+63.0859375000E+00,+63.2812500000E+00,+195.3125000E-03
+85.2000E-06,+63.1835937500E+00,+63.2812500000E+00,+97.6562500E-03
+85.4000E-06,+63.3789062500E+00,+63.4765625000E+00,+97.6562500E-03
+85.6000E-06,+63.4765625000E+00,+63.4765625000E+00,+0.0E+00
+85.8000E-06,+63.3789062500E+00,+63.6718750000E+00,+292.9687500E-03
+86.0000E-06,+63.6718750000E+00,+63.6718750000E+00,+0.0E+00
+86.2000E-06,+63.6718750000E+00,+63.6718750000E+00,+0.0E+00
+86.4000E-06,+63.9648437500E+00,+64.0625000000E+00,+97.6562500E-03
+86.6000E-06,+63.8671875000E+00,+63.9648437500E+00,+97.6562500E-03
+86.8000E-06,+63.8671875000E+00,+64.0625000000E+00,+195.3125000E-03
+87.0000E-06,+63.9648437500E+00,+64.1601562500E+00,+195.3125000E-03
+87.2000E-06,+64.0625000000E+00,+64.1601562500E+00,+97.6562500E-03
+87.4000E-06,+64.2578125000E+00,+64.2578125000E+00,+0.0E+00
+87.6000E-06,+64.2578125000E+00,+64.4531250000E+00,+195.3125000E-03
+87.8000E-06,+64.5507812500E+00,+64.6484375000E+00,+97.6562500E-03
+88.0000E-06,+64.5507812500E+00,+64.6484375000E+00,+97.6562500E-03
+88.2000E-06,+64.7460937500E+00,+64.5507812500E+00,-195.3125000E-03
+88.4000E-06,+64.7460937500E+00,+64.9414062500E+00,+195.3125000E-03
+88.6000E-06,+65.0390625000E+00,+64.8437500000E+00,-195.3125000E-03
+88.8000E-06,+65.0390625000E+00,+64.9414062500E+00,-97.6562500E-03
+89.0000E-06,+65.1367187500E+00,+65.0390625000E+00,-97.6562500E-03
+89.2000E-06,+65.2343750000E+00,+65.2343750000E+00,+0.0E+00
+89.4000E-06,+65.4296875000E+00,+65.4296875000E+00,+0.0E+00
+89.6000E-06,+65.3320312500E+00,+65.3320312500E+00,+0.0E+00
+89.8000E-06,+65.5273437500E+00,+65.6250000000E+00,+97.6562500E-03
+90.0000E-06,+65.6250000000E+00,+65.8203125000E+00,+195.3125000E-03
+90.2000E-06,+65.8203125000E+00,+65.6250000000E+00,-195.3125000E-03
+90.4000E-06,+65.9179687500E+00,+65.8203125000E+00,-97.6562500E-03
+90.6000E-06,+65.9179687500E+00,+65.9179687500E+00,+0.0E+00
+90.8000E-06,+65.9179687500E+00,+66.0156250000E+00,+97.6562500E-03
+91.0000E-06,+66.0156250000E+00,+66.0156250000E+00,+0.0E+00
+91.2000E-06,+66.3085937500E+00,+66.3085937500E+00,-0.0E+00
+91.4000E-06,+66.5039062500E+00,+66.3085937500E+00,-195.3125000E-03
+91.6000E-06,+66.6015625000E+00,+66.4062500000E+00,-195.3125000E-03
+91.8000E-06,+66.4062500000E+00,+66.6015625000E+00,+195.3125000E-03
+92.0000E-06,+66.6992187500E+00,+66.6015625000E+00,-97.6562500E-03
+92.2000E-06,+66.6992187500E+00,+66.7968750000E+00,+97.6562500E-03
+92.4000E-06,+66.7968750000E+00,+66.9921875000E+00,+195.3125000E-03
+92.6000E-06,+66.7968750000E+00,+66.9921875000E+00,+195.3125000E-03
+92.8000E-06,+66.9921875000E+00,+67.0898437500E+00,+97.6562500E-03
+93.0000E-06,+67.3828125000E+00,+67.0898437500E+00,-292.9687500E-03
+93.2000E-06,+67.2851562500E+00,+67.1875000000E+00,-97.6562500E-03
+93.4000E-06,+67.4804687500E+00,+67.2851562500E+00,-195.3125000E-03
+93.6000E-06,+67.5781250000E+00,+67.5781250000E+00,+0.0E+00
+93.8000E-06,+67.5781250000E+00,+67.5781250000E+00,+0.0E+00
+94.0000E-06,+67.6757812500E+00,+67.6757812500E+00,+0.0E+00
+94.2000E-06,+67.8710937500E+00,+67.8710937500E+00,-0.0E+00
+94.4000E-06,+67.9687500000E+00,+67.7734375000E+00,-195.3125000E-03
+94.6000E-06,+67.9687500000E+00,+68.0664062500E+00,+97.6562500E-03
+94.8000E-06,+67.9687500000E+00,+68.0664062500E+00,+97.6562500E-03
+95.0000E-06,+68.1640625000E+00,+68.0664062500E+00,-97.6562500E-03
+95.2000E-06,+68.2617187500E+00,+68.3593750000E+00,+97.6562500E-03
+95.4000E-06,+68.3593750000E+00,+68.3593750000E+00,+0.0E+00
+95.6000E-06,+68.5546875000E+00,+68.5546875000E+00,-0.0E+00
+95.8000E-06,+68.7500000000E+00,+68.6523437500E+00,-97.6562500E-03
+96.0000E-06,+68.7500000000E+00,+68.7500000000E+00,-0.0E+00
+96.2000E-06,+68.8476562500E+00,+68.7500000000E+00,-97.6562500E-03
+96.4000E-06,+69.0429687500E+00,+68.8476562500E+00,-195.3125000E-03
+96.6000E-06,+68.9453125000E+00,+69.1406250000E+00,+195.3125000E-03
+96.8000E-06,+69.0429687500E+00,+68.8476562500E+00,-195.3125000E-03
+97.0000E-06,+69.3359375000E+00,+69.2382812500E+00,-97.6562500E-03
+97.2000E-06,+69.2382812500E+00,+69.4335937500E+00,+195.3125000E-03
+97.4000E-06,+69.5312500000E+00,+69.4335937500E+00,-97.6562500E-03
+97.6000E-06,+69.4335937500E+00,+69.6289062500E+00,+195.3125000E-03
+97.8000E-06,+69.4335937500E+00,+69.6289062500E+00,+195.3125000E-03
+98.0000E-06,+69.8242187500E+00,+69.7265625000E+00,-97.6562500E-03
+98.2000E-06,+69.8242187500E+00,+69.8242187500E+00,+0.0E+00
+98.4000E-06,+69.8242187500E+00,+69.9218750000E+00,+97.6562500E-03
+98.6000E-06,+69.9218750000E+00,+69.9218750000E+00,+0.0E+00
+98.8000E-06,+69.9218750000E+00,+70.1171875000E+00,+195.3125000E-03
+99.0000E-06,+70.0195312500E+00,+70.2148437500E+00,+195.3125000E-03
+99.2000E-06,+70.1171875000E+00,+70.1171875000E+00,+0.0E+00
+99.4000E-06,+70.3125000000E+00,+70.4101562500E+00,+97.6562500E-03
+99.6000E-06,+70.4101562500E+00,+70.4101562500E+00,+0.0E+00
+99.8000E-06,+70.6054687500E+00,+70.6054687500E+00,-0.0E+00
+100.0000E-06,+70.6054687500E+00,+70.5078125000E+00,-97.6562500E-03
+100.2000E-06,+70.8007812500E+00,+70.7031250000E+00,-97.6562500E-03
+100.4000E-06,+70.8007812500E+00,+70.9960937500E+00,+195.3125000E-03
+100.6000E-06,+70.9960937500E+00,+70.9960937500E+00,+0.0E+00
+100.8000E-06,+70.8984375000E+00,+71.1914062500E+00,+292.9687500E-03
+101.0000E-06,+70.8007812500E+00,+71.1914062500E+00,+390.6250000E-03
+101.2000E-06,+71.0937500000E+00,+71.2890625000E+00,+195.3125000E-03
+101.4000E-06,+71.1914062500E+00,+71.3867187500E+00,+195.3125000E-03
+101.6000E-06,+71.2890625000E+00,+71.3867187500E+00,+97.6562500E-03
+101.8000E-06,+71.4843750000E+00,+71.6796875000E+00,+195.3125000E-03
+102.0000E-06,+71.4843750000E+00,+71.6796875000E+00,+195.3125000E-03
+102.2000E-06,+71.6796875000E+00,+71.6796875000E+00,+0.0E+00
+102.4000E-06,+71.7773437500E+00,+71.7773437500E+00,+0.0E+00
+102.6000E-06,+71.7773437500E+00,+71.8750000000E+00,+97.6562500E-03
+102.8000E-06,+71.8750000000E+00,+71.9726562500E+00,+97.6562500E-03
+103.0000E-06,+71.9726562500E+00,+72.1679687500E+00,+195.3125000E-03
+103.2000E-06,+72.0703125000E+00,+72.1679687500E+00,+97.6562500E-03
+103.4000E-06,+72.0703125000E+00,+72.2656250000E+00,+195.3125000E-03
+103.6000E-06,+72.2656250000E+00,+72.3632812500E+00,+97.6562500E-03
+103.8000E-06,+72.3632812500E+00,+72.3632812500E+00,+0.0E+00
+104.0000E-06,+72.5585937500E+00,+72.6562500000E+00,+97.6562500E-03
+104.2000E-06,+72.6562500000E+00,+72.6562500000E+00,+0.0E+00
+104.4000E-06,+72.5585937500E+00,+72.7539062500E+00,+195.3125000E-03
+104.6000E-06,+72.7539062500E+00,+72.8515625000E+00,+97.6562500E-03
+104.8000E-06,+72.8515625000E+00,+73.0468750000E+00,+195.3125000E-03
+105.0000E-06,+73.0468750000E+00,+73.1445312500E+00,+97.6562500E-03
+105.2000E-06,+73.1445312500E+00,+73.2421875000E+00,+97.6562500E-03
+105.4000E-06,+73.2421875000E+00,+73.4375000000E+00,+195.3125000E-03
+105.6000E-06,+73.3398437500E+00,+73.5351562500E+00,+195.3125000E-03
+105.8000E-06,+73.4375000000E+00,+73.5351562500E+00,+97.6562500E-03
+106.0000E-06,+73.4375000000E+00,+73.6328125000E+00,+195.3125000E-03
+106.2000E-06,+73.5351562500E+00,+73.7304687500E+00,+195.3125000E-03
+106.4000E-06,+73.5351562500E+00,+73.8281250000E+00,+292.9687500E-03
+106.6000E-06,+73.5351562500E+00,+73.9257812500E+00,+390.6250000E-03
+106.8000E-06,+74.0234375000E+00,+73.9257812500E+00,-97.6562500E-03
+107.0000E-06,+73.8281250000E+00,+74.0234375000E+00,+195.3125000E-03
+107.2000E-06,+73.9257812500E+00,+74.0234375000E+00,+97.6562500E-03
+107.4000E-06,+73.9257812500E+00,+74.3164062500E+00,+390.6250000E-03
+107.6000E-06,+74.2187500000E+00,+74.5117187500E+00,+292.9687500E-03
+107.8000E-06,+74.2187500000E+00,+74.6093750000E+00,+390.6250000E-03
+108.0000E-06,+74.4140625000E+00,+74.8046875000E+00,+390.6250000E-03
+108.2000E-06,+74.3164062500E+00,+74.8046875000E+00,+488.2812500E-03
+108.4000E-06,+74.7070312500E+00,+74.7070312500E+00,+0.0E+00
+108.6000E-06,+74.7070312500E+00,+74.9023437500E+00,+195.3125000E-03
+108.8000E-06,+74.7070312500E+00,+75.1953125000E+00,+488.2812500E-03
+109.0000E-06,+74.8046875000E+00,+75.0976562500E+00,+292.9687500E-03
+109.2000E-06,+75.0000000000E+00,+75.1953125000E+00,+195.3125000E-03
+109.4000E-06,+75.0000000000E+00,+75.2929687500E+00,+292.9687500E-03
+109.6000E-06,+75.2929687500E+00,+75.2929687500E+00,+0.0E+00
+109.8000E-06,+75.2929687500E+00,+75.4882812500E+00,+195.3125000E-03
+110.0000E-06,+75.2929687500E+00,+75.3906250000E+00,+97.6562500E-03
+110.2000E-06,+75.4882812500E+00,+75.5859375000E+00,+97.6562500E-03
+110.4000E-06,+75.5859375000E+00,+75.5859375000E+00,+0.0E+00
+110.6000E-06,+75.6835937500E+00,+75.9765625000E+00,+292.9687500E-03
+110.8000E-06,+75.6835937500E+00,+75.9765625000E+00,+292.9687500E-03
+111.0000E-06,+75.6835937500E+00,+76.1718750000E+00,+488.2812500E-03
+111.2000E-06,+75.8789062500E+00,+76.0742187500E+00,+195.3125000E-03
+111.4000E-06,+75.9765625000E+00,+76.3671875000E+00,+390.6250000E-03
+111.6000E-06,+75.9765625000E+00,+76.2695312500E+00,+292.9687500E-03
+111.8000E-06,+76.1718750000E+00,+76.4648437500E+00,+292.9687500E-03
+112.0000E-06,+76.2695312500E+00,+76.6601562500E+00,+390.6250000E-03
+112.2000E-06,+76.4648437500E+00,+76.6601562500E+00,+195.3125000E-03
+112.4000E-06,+76.6601562500E+00,+76.8554687500E+00,+195.3125000E-03
+112.6000E-06,+76.6601562500E+00,+76.9531250000E+00,+292.9687500E-03
+112.8000E-06,+76.5625000000E+00,+77.0507812500E+00,+488.2812500E-03
+113.0000E-06,+76.8554687500E+00,+77.0507812500E+00,+195.3125000E-03
+113.2000E-06,+76.9531250000E+00,+77.0507812500E+00,+97.6562500E-03
+113.4000E-06,+77.1484375000E+00,+77.2460937500E+00,+97.6562500E-03
+113.6000E-06,+77.1484375000E+00,+77.3437500000E+00,+195.3125000E-03
+113.8000E-06,+77.2460937500E+00,+77.3437500000E+00,+97.6562500E-03
+114.0000E-06,+77.3437500000E+00,+77.5390625000E+00,+195.3125000E-03
+114.2000E-06,+77.4414062500E+00,+77.5390625000E+00,+97.6562500E-03
+114.4000E-06,+77.4414062500E+00,+77.5390625000E+00,+97.6562500E-03
+114.6000E-06,+77.7343750000E+00,+77.7343750000E+00,+0.0E+00
+114.8000E-06,+77.7343750000E+00,+77.8320312500E+00,+97.6562500E-03
+115.0000E-06,+77.8320312500E+00,+77.9296875000E+00,+97.6562500E-03
+115.2000E-06,+77.7343750000E+00,+78.0273437500E+00,+292.9687500E-03
+115.4000E-06,+77.7343750000E+00,+78.0273437500E+00,+292.9687500E-03
+115.6000E-06,+78.1250000000E+00,+78.2226562500E+00,+97.6562500E-03
+115.8000E-06,+78.1250000000E+00,+78.4179687500E+00,+292.9687500E-03
+116.0000E-06,+78.4179687500E+00,+78.5156250000E+00,+97.6562500E-03
+116.2000E-06,+78.3203125000E+00,+78.5156250000E+00,+195.3125000E-03
+116.4000E-06,+78.5156250000E+00,+78.7109375000E+00,+195.3125000E-03
+116.6000E-06,+78.6132812500E+00,+78.7109375000E+00,+97.6562500E-03
+116.8000E-06,+78.7109375000E+00,+78.8085937500E+00,+97.6562500E-03
+117.0000E-06,+78.8085937500E+00,+79.1015625000E+00,+292.9687500E-03
+117.2000E-06,+78.9062500000E+00,+79.0039062500E+00,+97.6562500E-03
+117.4000E-06,+78.9062500000E+00,+79.2968750000E+00,+390.6250000E-03
+117.6000E-06,+78.9062500000E+00,+79.1992187500E+00,+292.9687500E-03
+117.8000E-06,+79.1015625000E+00,+79.4921875000E+00,+390.6250000E-03
+118.0000E-06,+79.1015625000E+00,+79.3945312500E+00,+292.9687500E-03
+118.2000E-06,+79.1992187500E+00,+79.5898437500E+00,+390.6250000E-03
+118.4000E-06,+79.3945312500E+00,+79.5898437500E+00,+195.3125000E-03
+118.6000E-06,+79.4921875000E+00,+79.7851562500E+00,+292.9687500E-03
+118.8000E-06,+79.5898437500E+00,+79.8828125000E+00,+292.9687500E-03
+119.0000E-06,+79.7851562500E+00,+79.9804687500E+00,+195.3125000E-03
+119.2000E-06,+79.8828125000E+00,+79.8828125000E+00,-0.0E+00
+119.4000E-06,+80.0781250000E+00,+79.8828125000E+00,-195.3125000E-03
+119.6000E-06,+79.9804687500E+00,+80.2734375000E+00,+292.9687500E-03
+119.8000E-06,+80.0781250000E+00,+80.4687500000E+00,+390.6250000E-03
+120.0000E-06,+80.2734375000E+00,+80.5664062500E+00,+292.9687500E-03
+120.2000E-06,+80.3710937500E+00,+80.5664062500E+00,+195.3125000E-03
+120.4000E-06,+80.5664062500E+00,+80.8593750000E+00,+292.9687500E-03
+120.6000E-06,+80.5664062500E+00,+80.7617187500E+00,+195.3125000E-03
+120.8000E-06,+80.6640625000E+00,+80.8593750000E+00,+195.3125000E-03
+121.0000E-06,+80.6640625000E+00,+80.9570312500E+00,+292.9687500E-03
+121.2000E-06,+80.8593750000E+00,+81.2500000000E+00,+390.6250000E-03
+121.4000E-06,+80.9570312500E+00,+81.2500000000E+00,+292.9687500E-03
+121.6000E-06,+80.9570312500E+00,+81.4453125000E+00,+488.2812500E-03
+121.8000E-06,+81.2500000000E+00,+81.4453125000E+00,+195.3125000E-03
+122.0000E-06,+81.2500000000E+00,+81.4453125000E+00,+195.3125000E-03
+122.2000E-06,+81.4453125000E+00,+81.5429687500E+00,+97.6562500E-03
+122.4000E-06,+81.4453125000E+00,+81.6406250000E+00,+195.3125000E-03
+122.6000E-06,+81.3476562500E+00,+81.7382812500E+00,+390.6250000E-03
+122.8000E-06,+81.2500000000E+00,+81.8359375000E+00,+585.9375000E-03
+123.0000E-06,+81.2500000000E+00,+81.8359375000E+00,+585.9375000E-03
+123.2000E-06,+81.1523437500E+00,+81.9335937500E+00,+781.2500000E-03
+123.4000E-06,+81.0546875000E+00,+81.9335937500E+00,+878.9062500E-03
+123.6000E-06,+80.9570312500E+00,+82.0312500000E+00,+1.0742187500E+00
+123.8000E-06,+80.5664062500E+00,+82.1289062500E+00,+1.5625000000E+00
+124.0000E-06,+80.4687500000E+00,+82.2265625000E+00,+1.7578125000E+00
+124.2000E-06,+80.1757812500E+00,+82.2265625000E+00,+2.0507812500E+00
+124.4000E-06,+80.0781250000E+00,+82.3242187500E+00,+2.2460937500E+00
+124.6000E-06,+79.8828125000E+00,+82.0312500000E+00,+2.1484375000E+00
